{"loss/current": 0.2991175651550293, "loss/average": 0.11639093158381833, "lr/textencoder": 3.280947049044691e-11, "lr/unet": 1.6404735245223457e-10, "_timestamp": 1717584795.846208, "_runtime": 6311.459846019745, "_step": 17320, "_wandb": {"runtime": 6310}}