{"loss/current": 0.005183321423828602, "loss/average": 0.11432107470744637, "lr/textencoder": 1.4709171918814158e-10, "lr/unet": 7.354585959407079e-10, "_timestamp": 1717365877.6633072, "_runtime": 11290.180988073349, "_step": 32720, "_wandb": {"runtime": 11289}}