{"loss/current": 0.0022746429312974215, "loss/average": 0.021059468239731594, "lr/textencoder": 1.2465007246387218e-10, "lr/unet": 6.232503623193608e-10, "_timestamp": 1717546564.740096, "_runtime": 15391.661167144775, "_step": 44430, "_wandb": {"runtime": 15391}}